13147	7082+522	0	913	1	84631at147550|scaffold627|+|62|4.717e-13|1|7082|7603|7082[7082]:7603[7603]:522[522]
13149	4310+558	0	987	1	79345at147550|scaffold691|+|68|7.371e-15|1|4310|4867|4310[4310]:4867[4867]:558[558]
16783	19439-1628	0	569	-1	37514at147550|scaffold344|-|410|8.227e-118|2|17812|19439|19439[19439]:18444[18444]:996[996]|18351[18351]:17812[17812]:540[540]
16784	2162+1227	0	2413	1	46366at147550|scaffold376|+|44|1.237e-07|2|2162|3388|2162[2162]:2392[2392]:231[231]|2531[2531]:3388[3388]:858[858]
16786	13272-462	0	364	-1	96223at147550|scaffold440|-|112|4.19e-28|1|12811|13272|13272[13272]:12811[12811]:462[462]
1	12189-822	0	938	-1	34155at147550|scaffold33|-|32|0.0005065|1|11368|12189|12189[12189]:11368[11368]:822[822]
1	113730+828	0	1666	1	83517at147550|scaffold33|+|364|5.789e-104|2|113730|114557|113730[113730]:114200[114200]:471[471]|114327[114327]:114557[114557]:231[231]
7	124582+354	0	1544	1	94278at147550|scaffold225|+|229|2.522e-63|1|124582|124935|124582[124582]:124935[124935]:354[354]
9	48297-8059	0	401	-1	10101at147550|scaffold289|-|195|4.332e-53|2|40239|48297|48297[48297]:48253[48253]:45[45]|42872[42872]:40239[40239]:2634[2634]
5109	45243+1300	0	756	1	64481at147550|scaffold8|+|514|4.056e-149|5|45243|46542|45243[45243]:45293[45293]:51[51]|45433[45445]:45627[45627]:195[183]|45699[45702]:46163[46163]:465[462]|46218[46218]:46361[46361]:144[144]|46414[46414]:46542[46542]:129[129]
5109	107127-1191	0	1830	-1	35906at147550|scaffold8|-|318|4.074e-90|2|105937|107127|107127[107127]:106954[106954]:174[174]|106881[106875]:105937[105937]:945[939]
8037	10867-696	0	1251	-1	56486at147550|scaffold396|-|42|4.946e-07|1|10172|10867|10867[10867]:10172[10172]:696[696]
13859	67092-645	0	200	-1	68418at147550|scaffold84|-|48|7.729e-09|1|66448|67092|67092[67092]:66448[66448]:645[645]
13859	49064+1314	0	774	1	27618at147550|scaffold84|+|171|7.268e-46|1|49064|50377|49064[49064]:50377[50377]:1314[1314]
1450	2+270	0	433	1	100992at147550|C165818|+|123|2.046e-31|1|2|271|2[2]:271[271]:270[270]
13130	53311+52936	0	257	1	37514at147550|scaffold83|+|281|5.599e-79|2|53311|106246|53311[53311]:54870[54870]:1560[1560]|106211[106211]:106246[106246]:36[36]
13130	7037+2083	0	513	1	7814at147550|scaffold83|+|663|5.684e-194|2|7037|9119|7037[7037]:7612[7612]:576[576]|7647[7662]:9119[9119]:1473[1458]
13130	48995+783	0	546	1	56486at147550|scaffold83|+|57|1.51e-11|1|48995|49777|48995[48995]:49777[49777]:783[783]
13130	25441+1551	0	1989	1	26725at147550|scaffold83|+|226|2.017e-62|1|25441|26991|25441[25441]:26991[26991]:1551[1551]
13131	191639+26177	0	189	1	108914at147550|scaffold115|+|47|1.546e-08|2|191639|217815|191639[191639]:191695[191695]:57[57]|217498[217498]:217815[217815]:318[318]
13131	186202-1512	0	381	-1	95964at147550|scaffold115|-|163|1.861e-43|1|184691|186202|186202[186202]:184691[184691]:1512[1512]
13131	154244-993	0	1127	-1	89537at147550|scaffold115|-|345|3.035e-98|1|153252|154244|154244[154244]:153252[153252]:993[993]
13131	205398-684	0	1751	-1	96680at147550|scaffold115|-|63|2.359e-13|2|204715|205398|205398[205398]:205138[205138]:261[261]|204756[204756]:204715[204715]:42[42]
13131	3723+1055	0	2177	1	95756at147550|scaffold115|+|223|1.614e-61|2|3723|4777|3723[3723]:3776[3776]:54[54]|4034[4034]:4777[4777]:744[744]
13134	591-588	0	300	-1	79894at147550|scaffold211|-|187|1.109e-50|1|4|591|591[591]:4[4]:588[588]
13134	10200+2498	0	440	1	88429at147550|scaffold211|+|433|9.808e-125|2|10200|12697|10200[10200]:11747[11747]:1548[1548]|11837[11840]:12697[12697]:861[858]
13135	138484+435	0	833	1	79345at147550|scaffold243|+|55|6.038e-11|1|138484|138918|138484[138484]:138918[138918]:435[435]
13135	138015+348	0	1295	1	79345at147550|scaffold243|+|44|1.237e-07|1|138015|138362|138015[138015]:138362[138362]:348[348]
13139	53732-6532	0	414	-1	49230at147550|scaffold371|-|1611|0|9|47201|53732|53732[53732]:53286[53286]:447[447]|53227[53224]:53006[53006]:222[219]|52840[52837]:52598[52598]:243[240]|52555[52546]:52244[52244]:312[303]|52184[52184]:51603[51603]:582[582]|50596[50596]:50240[50240]:357[357]|50103[50103]:49882[49882]:222[222]|49825[49825]:48902[48902]:924[924]|48823[48823]:47201[47201]:1623[1623]
13139	10075+1461	0	1011	1	10101at147550|scaffold371|+|167|1.163e-44|2|10075|11535|10075[10075]:11298[11298]:1224[1224]|11356[11356]:11535[11535]:180[180]
18970	25257-18271	0	198	-1	86126at147550|scaffold347|-|42|4.946e-07|2|6987|25257|25257[25257]:25072[25072]:186[186]|7019[7016]:6987[6987]:33[30]
18970	14218+882	0	226	1	108563at147550|scaffold347|+|126|2.557e-32|1|14218|15099|14218[14218]:15099[15099]:882[882]
18975	53663+1440	0	1818	1	60308at147550|scaffold507|+|576|8.796e-168|1|53663|55102|53663[53663]:55102[55102]:1440[1440]
18975	114745+1755	0	1921	1	18800at147550|scaffold507|+|90|1.757e-21|1|114745|116499|114745[114745]:116499[116499]:1755[1755]
18976	46994+925	0	910	1	79345at147550|scaffold539|+|194|8.664e-53|2|46994|47918|46994[46994]:47068[47068]:75[75]|47160[47160]:47918[47918]:759[759]
18976	8868-324	0	1180	-1	94396at147550|scaffold539|-|87|1.406e-20|1|8545|8868|8868[8868]:8545[8545]:324[324]
18978	35237-585	0	2277	-1	105837at147550|scaffold603|-|167|1.163e-44|1|34653|35237|35237[35237]:34653[34653]:585[585]
18978	57082-1134	0	2336	-1	46366at147550|scaffold603|-|111|8.38e-28|1|55949|57082|57082[57082]:55949[55949]:1134[1134]
732	44196-1319	0	398	-1	73948at147550|scaffold66|-|375|2.827e-107|3|42878|44196|44196[44196]:43831[43831]:366[366]|43599[43599]:43171[43171]:429[429]|43090[43090]:42878[42878]:213[213]
732	132421+1284	0	1821	1	88016at147550|scaffold66|+|343|1.214e-97|1|132421|133704|132421[132421]:133704[133704]:1284[1284]
734	39858-1187	0	60	-1	55525at147550|scaffold130|-|258|4.697e-72|2|38672|39858|39858[39858]:39634[39634]:225[225]|39247[39247]:38672[38672]:576[576]
734	37820-2324	0	1578	-1	65049at147550|scaffold130|-|546|9.444e-159|3|35497|37820|37820[37820]:36576[36576]:1245[1245]|36508[36508]:35681[35681]:828[828]|35562[35562]:35497[35497]:66[66]
734	63494-228	0	2114	-1	104466at147550|scaffold130|-|53|2.415e-10|1|63267|63494|63494[63494]:63267[63267]:228[228]
737	89270+1561	0	23	1	37514at147550|scaffold226|+|307|8.343e-87|2|89270|90830|89270[89270]:89581[89581]:312[312]|89838[89838]:90830[90830]:993[993]
738	16996-1578	0	1675	-1	19349at147550|scaffold258|-|189|2.773e-51|1|15419|16996|16996[16996]:15419[15419]:1578[1578]
7299	314583-372	0	684	-1	94479at147550|scaffold107|-|87|1.406e-20|1|314212|314583|314583[314583]:314212[314212]:372[372]
7299	228440-684	0	1211	-1	105231at147550|scaffold107|-|179|2.839e-48|1|227757|228440|228440[228440]:227757[227757]:684[684]
7299	20152+366	0	1418	1	94519at147550|scaffold107|+|62|4.717e-13|1|20152|20517|20152[20152]:20517[20517]:366[366]
7299	243846+1706	0	1500	1	59415at147550|scaffold107|+|265|3.669e-74|2|243846|245551|243846[243846]:244256[244256]:411[411]|244397[244397]:245551[245551]:1155[1155]
7299	219699-1321	0	1878	-1	89445at147550|scaffold107|-|446|1.197e-128|3|218379|219699|219699[219699]:219253[219253]:447[447]|219196[219196]:218636[218636]:561[561]|218573[218570]:218379[218379]:195[192]
22612	109159+1748	0	257	1	37514at147550|scaffold256|+|260|1.174e-72|4|109159|110906|109159[109159]:109218[109218]:60[60]|109409[109409]:109753[109753]:345[345]|109860[109860]:110399[110399]:540[540]|110526[110526]:110906[110906]:381[381]
22612	157141+543	0	1064	1	79345at147550|scaffold256|+|48|7.729e-09|1|157141|157683|157141[157141]:157683[157683]:543[543]
22612	112673-735	0	1218	-1	79345at147550|scaffold256|-|94|1.098e-22|1|111939|112673|112673[112673]:111939[111939]:735[735]
22612	122206+1137	0	1874	1	46366at147550|scaffold256|+|65|5.897e-14|2|122206|123342|122206[122206]:122709[122709]:504[504]|122923[122923]:123342[123342]:420[420]
22612	181356-1138	0	1951	-1	46366at147550|scaffold256|-|91|8.787e-22|2|180219|181356|181356[181356]:180454[180454]:903[903]|180281[180281]:180219[180219]:63[63]
22615	111017+1688	0	346	1	9340at147550|scaffold352|+|990|2.079e-292|2|111017|112704|111017[111017]:111259[111259]:243[243]|111355[111355]:112704[112704]:1350[1350]
22615	4739+669	0	1097	1	56486at147550|scaffold352|+|54|1.208e-10|1|4739|5407|4739[4739]:5407[5407]:669[669]
22615	80250-729	0	1670	-1	77803at147550|scaffold352|-|57|1.51e-11|1|79522|80250|80250[80250]:79522[79522]:729[729]
22617	37212+1057	0	447	1	82332at147550|scaffold416|+|186|2.218e-50|3|37212|38268|37212[37212]:37343[37343]:132[132]|37347[37347]:37439[37439]:93[93]|38071[38074]:38268[38268]:198[195]
12	45550-834	0	633	-1	56486at147550|scaffold385|-|205|4.231e-56|2|44717|45550|45550[45550]:45086[45086]:465[465]|45007[45007]:44717[44717]:291[291]
12	5961+51429	0	2172	1	105186at147550|scaffold385|+|43|2.473e-07|2|5961|57389|5961[5961]:6041[6041]:81[81]|57306[57318]:57389[57389]:84[72]
15	28+916	0	441	1	75733at147550|scaffold481|+|271|5.734e-76|2|28|943|28[28]:537[537]:510[510]|671[671]:943[943]:273[273]
15	19919+1299	0	2259	1	46366at147550|scaffold481|+|80|1.8e-18|1|19919|21217|19919[19919]:21217[21217]:1299[1299]
16	20918+593	0	823	1	98494at147550|scaffold513|+|221|6.455e-61|3|20918|21510|20918[20918]:21085[21085]:168[168]|21167[21167]:21295[21295]:129[129]|21379[21379]:21510[21510]:132[132]
16	60239-1061	0	2105	-1	46366at147550|scaffold513|-|77|1.44e-17|2|59179|60239|60239[60239]:59976[59976]:264[264]|59817[59817]:59179[59179]:639[639]
18	56851+2547	0	134	1	36819at147550|scaffold577|+|350|9.485e-100|1|56851|59397|56851[56851]:59397[59397]:2547[2547]
18	83435-1000	0	1610	-1	51773at147550|scaffold577|-|268|4.587e-75|4|82436|83435|83435[83435]:83079[83079]:357[357]|83013[83013]:82891[82891]:123[123]|82832[82832]:82713[82713]:120[120]|82651[82651]:82436[82436]:216[216]
18	47503-4742	0	2346	-1	35141at147550|scaffold577|-|1325|0|6|42762|47503|47503[47503]:47366[47366]:138[138]|47263[47263]:47105[47105]:159[159]|47065[47053]:46457[46457]:609[597]|46395[46395]:45964[45964]:432[432]|44746[44746]:44549[44549]:198[198]|44468[44465]:42762[42762]:1707[1704]
21162	433-432	0	2256	-1	102739at147550|scaffold510|-|134|9.989e-35|1|2|433|433[433]:2[2]:432[432]
9483	30395+1746	0	169	1	19770at147550|scaffold14|+|303|1.335e-85|3|30395|32140|30395[30395]:30526[30526]:132[132]|30852[30861]:30995[30995]:144[135]|31085[31094]:32140[32140]:1056[1047]
9483	84243+1987	0	338	1	46207at147550|scaffold14|+|687|3.388e-201|2|84243|86229|84243[84243]:85400[85400]:1158[1158]|85453[85456]:86229[86229]:777[774]
9484	290742+537	0	156	1	93919at147550|scaffold46|+|50|1.932e-09|1|290742|291278|290742[290742]:291278[291278]:537[537]
9484	22091-1522	0	569	-1	37514at147550|scaffold46|-|322|2.546e-91|2|20570|22091|22091[22091]:21822[21822]:270[270]|21730[21730]:20570[20570]:1161[1161]
9484	380680-897	0	1548	-1	74919at147550|scaffold46|-|309|2.086e-87|1|379784|380680|380680[380680]:379784[379784]:897[897]
9484	172918+24278	0	2010	1	105186at147550|scaffold46|+|32|0.0005065|2|172918|197195|172918[172918]:172974[172974]:57[57]|197136[197136]:197195[197195]:60[60]
9485	108627+971	0	1059	1	40459at147550|scaffold78|+|147|1.219e-38|2|108627|109597|108627[108627]:108794[108794]:168[168]|108851[108851]:109597[109597]:747[747]
9486	117942-871	0	59	-1	81333at147550|scaffold110|-|223|1.614e-61|2|117072|117942|117942[117942]:117865[117865]:78[78]|117806[117800]:117072[117072]:735[729]
9486	42028-990	0	795	-1	107733at147550|scaffold110|-|194|8.664e-53|1|41039|42028|42028[42028]:41039[41039]:990[990]
9487	44458-1450	0	1233	-1	83490at147550|scaffold142|-|352|2.371e-100|2|43009|44458|44458[44458]:43766[43766]:693[693]|43713[43707]:43009[43009]:705[699]
9487	75302-1230	0	2028	-1	46366at147550|scaffold142|-|109|3.352e-27|1|74073|75302|75302[75302]:74073[74073]:1230[1230]
9488	13073-529	0	274	-1	104633at147550|scaffold174|-|227|1.009e-62|3|12545|13073|13073[13073]:12828[12828]:246[246]|12751[12751]:12632[12632]:120[120]|12577[12577]:12545[12545]:33[33]
19685	308-231	0	1791	-1	88302at147550|C179952|-|116|2.619e-29|1|78|308|308[308]:78[78]:231[231]
19689	349488-330	0	1956	-1	73825at147550|scaffold28|-|85|5.623e-20|1|349159|349488|349488[349488]:349159[349159]:330[330]
19689	90976-1083	0	2336	-1	46366at147550|scaffold28|-|96|2.746e-23|1|89894|90976|90976[90976]:89894[89894]:1083[1083]
21172	4855+674	0	1209	1	101161at147550|scaffold830|+|237|9.85e-66|2|4855|5528|4855[4855]:5100[5100]:246[246]|5166[5169]:5528[5528]:363[360]
21150	109877+44595	0	113	1	105837at147550|scaffold126|+|39|3.957e-06|2|109877|154471|109877[109877]:110134[110134]:258[258]|154385[154385]:154471[154471]:87[87]
21150	191557-4427	0	608	-1	66351at147550|scaffold126|-|508|2.596e-147|3|187131|191557|191557[191557]:191381[191381]:177[177]|190992[190992]:188437[188437]:2556[2556]|188375[188375]:187131[187131]:1245[1245]
21150	198239+1700	0	991	1	45896at147550|scaffold126|+|637|3.815e-186|3|198239|199938|198239[198239]:198295[198295]:57[57]|198515[198515]:199564[199564]:1050[1050]|199636[199636]:199938[199938]:303[303]
21150	222182-1834	0	1998	-1	18800at147550|scaffold126|-|149|3.048e-39|2|220349|222182|222182[222182]:220920[220920]:1263[1263]|220873[220864]:220349[220349]:525[516]
21150	10668-4236	0	2060	-1	19349at147550|scaffold126|-|651|2.328e-190|1|6433|10668|10668[10668]:6433[6433]:4236[4236]
21151	51630+1236	0	253	1	95565at147550|scaffold158|+|123|2.046e-31|1|51630|52865|51630[51630]:52865[52865]:1236[1236]
21152	95091+876	0	1084	1	92124at147550|scaffold190|+|190|1.386e-51|1|95091|95966|95091[95091]:95966[95966]:876[876]
21152	145787+1368	0	1115	1	59415at147550|scaffold190|+|160|1.489e-42|1|145787|147154|145787[145787]:147154[147154]:1368[1368]
21152	177108-633	0	1880	-1	108394at147550|scaffold190|-|151|7.621e-40|1|176476|177108|177108[177108]:176476[176476]:633[633]
21152	88339-1658	0	1939	-1	35970at147550|scaffold190|-|246|1.924e-68|2|86682|88339|88339[88339]:87845[87845]:495[495]|87779[87779]:86682[86682]:1098[1098]
21153	15049+267	0	610	1	105629at147550|scaffold222|+|169|2.907e-45|1|15049|15315|15049[15049]:15315[15315]:267[267]
21153	71330-1284	0	1577	-1	59415at147550|scaffold222|-|183|1.774e-49|1|70047|71330|71330[71330]:70047[70047]:1284[1284]
21153	30186-270	0	2416	-1	102209at147550|scaffold222|-|45|6.183e-08|1|29917|30186|30186[30186]:29917[29917]:270[270]
13872	60062+932	0	150	1	27618at147550|scaffold500|+|146|2.439e-38|2|60062|60993|60062[60062]:60457[60457]:396[396]|60523[60523]:60993[60993]:471[471]
13872	5772+738	0	789	1	56486at147550|scaffold500|+|46|3.092e-08|1|5772|6509|5772[5772]:6509[6509]:738[738]
13878	3517-759	0	1106	-1	89897at147550|scaffold692|-|113|2.095e-28|1|2759|3517|3517[3517]:2759[2759]:759[759]
16060	281218-38169	0	1295	-1	79345at147550|scaffold535|-|47|1.546e-08|2|243050|281218|281218[281218]:281186[281186]:33[33]|243556[243556]:243050[243050]:507[507]
16060	232494+657	0	2011	1	86605at147550|scaffold535|+|215|4.131e-59|2|232494|233150|232494[232494]:232829[232829]:336[336]|232947[232950]:233150[233150]:204[201]
16060	114713+1014	0	2050	1	92804at147550|scaffold535|+|63|2.359e-13|1|114713|115726|114713[114713]:115726[115726]:1014[1014]
16060	115306-6349	0	2328	-1	98764at147550|scaffold535|-|34|0.0001266|2|108958|115306|115306[115306]:115010[115010]:297[297]|109065[109065]:108958[108958]:108[108]
16066	15905+1638	0	1850	1	27586at147550|scaffold727|+|483|8.711e-140|3|15905|17542|15905[15905]:16132[16132]:228[228]|16303[16303]:16506[16506]:204[204]|16652[16652]:17542[17542]:891[891]
16069	1954+1487	0	1951	1	46366at147550|scaffold823|+|77|1.44e-17|3|1954|3440|1954[1954]:2199[2199]:246[246]|2471[2471]:2932[2932]:462[462]|3126[3126]:3440[3440]:315[315]
740	139065+594	0	356	1	68418at147550|scaffold322|+|59|3.774e-12|1|139065|139658|139065[139065]:139658[139658]:594[594]
740	174652-515	0	656	-1	94229at147550|scaffold322|-|218|5.164e-60|2|174138|174652|174652[174652]:174305[174305]:348[348]|174239[174239]:174138[174138]:102[102]
740	218535+660	0	1725	1	92586at147550|scaffold322|+|240|1.231e-66|1|218535|219194|218535[218535]:219194[219194]:660[660]
740	127209+1035	0	2336	1	46366at147550|scaffold322|+|85|5.623e-20|1|127209|128243|127209[127209]:128243[128243]:1035[1035]
741	35990+393	0	2399	1	110555at147550|scaffold354|+|137|1.249e-35|2|35990|36382|35990[35990]:36154[36154]:165[165]|36239[36248]:36382[36382]:144[135]
748	39796-1710	0	257	-1	37514at147550|scaffold578|-|245|3.848e-68|3|38087|39796|39796[39796]:39572[39572]:225[225]|39293[39293]:39225[39225]:69[69]|39136[39136]:38087[38087]:1050[1050]
2200	78155-1383	0	1752	-1	19349at147550|scaffold324|-|151|7.621e-40|1|76773|78155|78155[78155]:76773[76773]:1383[1383]
2200	116903-493	0	1762	-1	110180at147550|scaffold324|-|84|1.125e-19|2|116411|116903|116903[116903]:116757[116757]:147[147]|116680[116677]:116411[116411]:270[267]
2200	20335+549	0	1931	1	92266at147550|scaffold324|+|319|2.037e-90|1|20335|20883|20335[20335]:20883[20883]:549[549]
2201	146988+1089	0	1405	1	73681at147550|scaffold356|+|105|5.363e-26|1|146988|148076|146988[146988]:148076[148076]:1089[1089]
2204	37412+1055	0	756	1	64481at147550|scaffold452|+|369|1.809e-105|2|37412|38466|37412[37412]:37525[37525]:114[114]|37633[37639]:38466[38466]:834[828]
2204	75635-1685	0	779	-1	107710at147550|scaffold452|-|33|0.0002533|2|73951|75635|75635[75635]:75558[75558]:78[78]|74133[74133]:73951[73951]:183[183]
2208	10499-871	0	815	-1	88223at147550|scaffold580|-|288|4.374e-81|2|9629|10499|10499[10499]:10416[10416]:84[84]|10321[10318]:9629[9629]:693[690]
2208	13196-627	0	1587	-1	105542at147550|scaffold580|-|170|1.454e-45|4|12570|13196|13196[13196]:13002[13002]:195[195]|12915[12915]:12850[12850]:66[66]|12774[12759]:12703[12703]:72[57]|12635[12632]:12570[12570]:66[63]
4379	602+645	0	866	1	56486at147550|C203066|+|35|6.331e-05|1|602|1246|602[602]:1246[1246]:645[645]
4390	42633+1616	0	2377	1	50282at147550|scaffold327|+|448|2.993e-129|2|42633|44248|42633[42633]:43154[43154]:522[522]|43211[43226]:44248[44248]:1038[1023]
4393	4767+801	0	735	1	28395at147550|scaffold423|+|36|3.166e-05|1|4767|5567|4767[4767]:5567[5567]:801[801]
5131	13963-683	0	943	-1	56486at147550|scaffold712|-|93|2.197e-22|2|13281|13963|13963[13963]:13463[13463]:501[501]|13385[13385]:13281[13281]:105[105]
5132	176+1044	0	1486	1	88608at147550|scaffold744|+|276|1.792e-77|1|176|1219|176[176]:1219[1219]:1044[1044]
5135	9181+768	0	2105	1	46366at147550|scaffold840|+|98|6.865e-24|1|9181|9948|9181[9181]:9948[9948]:768[768]
21880	21806+4509	0	2344	1	63504at147550|scaffold159|+|751|1.837e-220|3|21806|26314|21806[21806]:22873[22873]:1068[1068]|24879[24879]:25946[25946]:1068[1068]|26039[26054]:26314[26314]:276[261]
21883	234026+675	0	298	1	4502at147550|scaffold255|+|113|2.095e-28|1|234026|234700|234026[234026]:234700[234700]:675[675]
21883	114429+1395	0	564	1	91111at147550|scaffold255|+|304|6.675e-86|1|114429|115823|114429[114429]:115823[115823]:1395[1395]
21883	65643-822	0	996	-1	82488at147550|scaffold255|-|67|1.474e-14|1|64822|65643|65643[65643]:64822[64822]:822[822]
21883	71429+396	0	1588	1	92804at147550|scaffold255|+|71|9.213e-16|1|71429|71824|71429[71429]:71824[71824]:396[396]
21886	78615+924	0	1097	1	56486at147550|scaffold351|+|182|3.549e-49|1|78615|79538|78615[78615]:79538[79538]:924[924]
21886	112357-951	0	2184	-1	39248at147550|scaffold351|-|49|3.864e-09|1|111407|112357|112357[112357]:111407[111407]:951[951]
21886	60115-972	0	2336	-1	46366at147550|scaffold351|-|95|5.492e-23|1|59144|60115|60115[60115]:59144[59144]:972[972]
21887	33172-726	0	1141	-1	79345at147550|scaffold383|-|99|3.432e-24|1|32447|33172|33172[33172]:32447[32447]:726[726]
21887	18934+843	0	1511	1	92804at147550|scaffold383|+|44|1.237e-07|1|18934|19776|18934[18934]:19776[19776]:843[843]
8757	99838+1608	0	179	1	37514at147550|scaffold109|+|268|4.587e-75|2|99838|101445|99838[99838]:100083[100083]:246[246]|100204[100219]:101445[101445]:1242[1227]
8757	55635-491	0	1351	-1	108991at147550|scaffold109|-|159|2.977e-42|2|55145|55635|55635[55635]:55324[55324]:312[312]|55243[55243]:55145[55145]:99[99]
8757	106053-1163	0	1474	-1	37514at147550|scaffold109|-|136|2.497e-35|2|104891|106053|106053[106053]:105532[105532]:522[522]|105463[105463]:104891[104891]:573[573]
8757	53031+39770	0	2105	1	46366at147550|scaffold109|+|96|2.746e-23|2|53031|92800|53031[53031]:53087[53087]:57[57]|92030[92030]:92800[92800]:771[771]
8758	136053-963	0	2050	-1	92804at147550|scaffold141|-|113|2.095e-28|1|135091|136053|136053[136053]:135091[135091]:963[963]
12410	12194+1275	0	914	1	45896at147550|scaffold370|+|311|5.215e-88|1|12194|13468|12194[12194]:13468[13468]:1275[1275]
12411	11350-636	0	800	-1	100977at147550|scaffold402|-|146|2.439e-38|1|10715|11350|11350[11350]:10715[10715]:636[636]
12412	13753+797	0	2271	1	85668at147550|scaffold434|+|320|1.018e-90|2|13753|14549|13753[13753]:13848[13848]:96[96]|13923[13923]:14549[14549]:627[627]
12418	4223-762	0	2007	-1	91689at147550|scaffold626|-|230|1.261e-63|3|3462|4223|4223[4223]:4071[4071]:153[153]|3973[3970]:3848[3848]:126[123]|3758[3758]:3462[3462]:297[297]
8760	225551-1374	0	706	-1	11516at147550|scaffold205|-|157|1.191e-41|1|224178|225551|225551[225551]:224178[224178]:1374[1374]
8760	218049+1288	0	1038	1	59415at147550|scaffold205|+|480|6.969e-139|2|218049|219336|218049[218049]:218816[218816]:768[768]|218917[218917]:219336[219336]:420[420]
8760	45239-1811	0	1595	-1	69966at147550|scaffold205|-|484|4.355e-140|2|43429|45239|45239[45239]:44718[44718]:522[522]|44655[44655]:43429[43429]:1227[1227]
8760	191123+864	0	1866	1	92613at147550|scaffold205|+|263|1.468e-73|3|191123|191986|191123[191123]:191227[191227]:105[105]|191520[191535]:191849[191849]:330[315]|191912[191924]:191986[191986]:75[63]
8761	1390-1008	0	1554	-1	79345at147550|scaffold237|-|47|1.546e-08|1|383|1390|1390[1390]:383[383]:1008[1008]
8761	2853+1629	0	1675	1	19349at147550|scaffold237|+|256|1.879e-71|1|2853|4481|2853[2853]:4481[4481]:1629[1629]
8761	44292-1414	0	2105	-1	46366at147550|scaffold237|-|100|1.716e-24|2|42879|44292|44292[44292]:44038[44038]:255[255]|43937[43928]:42879[42879]:1059[1050]
8763	70995+3018	0	1450	1	26725at147550|scaffold301|+|527|4.952e-153|3|70995|74012|70995[70995]:72416[72416]:1422[1422]|72506[72506]:73456[73456]:951[951]|73560[73560]:74012[74012]:453[453]
8767	70424-291	0	681	-1	82332at147550|scaffold429|-|40|1.979e-06|1|70134|70424|70424[70424]:70134[70134]:291[291]
8767	54204-1712	0	748	-1	93116at147550|scaffold429|-|69|3.685e-15|2|52493|54204|54204[54204]:53857[53857]:348[348]|53626[53626]:52493[52493]:1134[1134]
8769	12152-1299	0	1951	-1	46366at147550|scaffold493|-|63|2.359e-13|1|10854|12152|12152[12152]:10854[10854]:1299[1299]
8025	143309-742	0	59	-1	81333at147550|scaffold12|-|121|8.183e-31|2|142568|143309|143309[143309]:143028[143028]:282[282]|142858[142858]:142568[142568]:291[291]
8025	75760-1241	0	714	-1	79089at147550|scaffold12|-|611|2.56e-178|2|74520|75760|75760[75760]:75575[75575]:186[186]|75497[75488]:74520[74520]:978[969]
8025	43208-24011	0	1695	-1	64353at147550|scaffold12|-|49|3.864e-09|2|19198|43208|43208[43208]:43173[43173]:36[36]|19701[19701]:19198[19198]:504[504]
8025	54799+564	0	2090	1	47815at147550|scaffold12|+|60|1.887e-12|1|54799|55362|54799[54799]:55362[55362]:564[564]
8027	72+414	0	733	1	92558at147550|scaffold76|+|201|6.769e-55|1|72|485|72[72]:485[485]:414[414]
8028	56763+522	0	1588	1	92804at147550|scaffold108|+|132|3.996e-34|2|56763|57284|56763[56763]:56999[56999]:237[237]|57090[57090]:57284[57284]:195[195]
8028	15520+950	0	1874	1	46366at147550|scaffold108|+|81|8.998e-19|2|15520|16469|15520[15520]:16071[16071]:552[552]|16182[16182]:16469[16469]:288[288]
8028	39177+469	0	2361	1	106689at147550|scaffold108|+|74|1.152e-16|2|39177|39645|39177[39177]:39266[39266]:90[90]|39448[39448]:39645[39645]:198[198]
8029	109604+3630	0	68	1	3220at147550|scaffold140|+|1003|2.538e-296|1|109604|113233|109604[109604]:113233[113233]:3630[3630]
8029	114265+1459	0	1474	1	37514at147550|scaffold140|+|235|3.94e-65|3|114265|115723|114265[114265]:114507[114507]:243[243]|114619[114619]:114831[114831]:213[213]|114926[114926]:115723[115723]:798[798]
8029	40958+1509	0	1675	1	19349at147550|scaffold140|+|114|1.047e-28|1|40958|42466|40958[40958]:42466[42466]:1509[1509]
2943	10835+534	0	1141	1	79345at147550|scaffold741|+|53|2.415e-10|1|10835|11368|10835[10835]:11368[11368]:534[534]
3651	97957+996	0	230	1	85627at147550|scaffold38|+|382|2.208e-109|2|97957|98952|97957[97957]:98262[98262]:306[306]|98335[98350]:98952[98952]:618[603]
3651	160422+657	0	546	1	56486at147550|scaffold38|+|35|6.331e-05|1|160422|161078|160422[160422]:161078[161078]:657[657]
3651	97354-679	0	1223	-1	96401at147550|scaffold38|-|162|3.721e-43|2|96676|97354|97354[97354]:97244[97244]:111[111]|97182[97182]:96676[96676]:507[507]
3651	50670-1686	0	1675	-1	19349at147550|scaffold38|-|160|1.489e-42|1|48985|50670|50670[50670]:48985[48985]:1686[1686]
3651	69581+3287	0	2463	1	9826at147550|scaffold38|+|876|4.318e-258|3|69581|72867|69581[69581]:70231[70231]:651[651]|70278[70284]:71513[71513]:1236[1230]|71674[71674]:72867[72867]:1194[1194]
3652	12360+1787	0	1121	1	28395at147550|scaffold70|+|366|1.447e-104|3|12360|14146|12360[12360]:12506[12506]:147[147]|12652[12652]:13872[13872]:1221[1221]|13949[13949]:14146[14146]:198[198]
3652	166352-384	0	1581	-1	95410at147550|scaffold70|-|127|1.279e-32|1|165969|166352|166352[166352]:165969[165969]:384[384]
3653	126316-13650	0	445	-1	42784at147550|scaffold102|-|821|1.556e-241|2|112667|126316|126316[126316]:124808[124808]:1509[1509]|113815[113815]:112667[112667]:1149[1149]
3658	7880-729	0	1901	-1	77803at147550|scaffold262|-|34|0.0001266|1|7152|7880|7880[7880]:7152[7152]:729[729]
3658	28209-790	0	1970	-1	84108at147550|scaffold262|-|189|2.773e-51|2|27420|28209|28209[28209]:28048[28048]:162[162]|27752[27752]:27420[27420]:333[333]
10231	10518-1377	0	413	-1	37514at147550|scaffold623|-|259|2.348e-72|3|9142|10518|10518[10518]:10303[10303]:216[216]|10236[10236]:10069[10069]:168[168]|9954[9948]:9142[9142]:813[807]
10232	70290+833	0	963	1	103968at147550|scaffold655|+|106|2.681e-26|2|70290|71122|70290[70290]:70442[70442]:153[153]|70835[70835]:71122[71122]:288[288]
10232	72270-21643	0	1177	-1	87202at147550|scaffold655|-|315|3.259e-89|3|50628|72270|72270[72270]:72193[72193]:78[78]|51856[51856]:51404[51404]:453[453]|51344[51344]:50628[50628]:717[717]
10233	38688-1449	0	1645	-1	39248at147550|scaffold687|-|649|9.313e-190|2|37240|38688|38688[38688]:38332[38332]:357[357]|38268[38268]:37240[37240]:1029[1029]
8031	182492-786	0	221	-1	34083at147550|scaffold204|-|511|3.245e-148|1|181707|182492|182492[182492]:181707[181707]:786[786]
8031	183309-723	0	377	-1	34083at147550|scaffold204|-|317|8.148e-90|1|182587|183309|183309[183309]:182587[182587]:723[723]
8031	35984-546	0	1816	-1	82702at147550|scaffold204|-|257|9.394e-72|1|35439|35984|35984[35984]:35439[35439]:546[546]
8031	210353+1199	0	1923	1	59704at147550|scaffold204|+|631|2.441e-184|2|210353|211551|210353[210353]:210403[210403]:51[51]|210478[210481]:211551[211551]:1074[1071]
8031	101237+291	0	2284	1	106689at147550|scaffold204|+|70|1.843e-15|1|101237|101527|101237[101237]:101527[101527]:291[291]
8033	97031+982	0	2371	1	100924at147550|scaffold268|+|199|2.708e-54|4|97031|98012|97031[97031]:97174[97174]:144[144]|97524[97524]:97655[97655]:132[132]|97752[97755]:97796[97796]:45[42]|97971[97971]:98012[98012]:42[42]
8035	75190+981	0	691	1	106516at147550|scaffold332|+|266|1.835e-74|1|75190|76170|75190[75190]:76170[76170]:981[981]
8035	10521-1630	0	729	-1	80338at147550|scaffold332|-|367|7.237e-105|2|8892|10521|10521[10521]:9457[9457]:1065[1065]|9023[9023]:8892[8892]:132[132]
6589	422-423	0	276	-1	86126at147550|scaffold714|-|162|3.721e-43|2|0|422|422[422]:372[372]:51[51]|278[263]:0[0]:279[264]
6589	58117+708	0	357	1	62877at147550|scaffold714|+|155|4.763e-41|1|58117|58824|58117[58117]:58824[58824]:708[708]
6589	14704-618	0	2405	-1	98764at147550|scaffold714|-|191|6.931e-52|1|14087|14704|14704[14704]:14087[14087]:618[618]
5846	77450+1146	0	122	1	68418at147550|scaffold265|+|562|1.441e-163|2|77450|78595|77450[77450]:77929[77929]:480[480]|77987[77990]:78595[78595]:609[606]
5846	38335+808	0	699	1	100882at147550|scaffold265|+|178|5.678e-48|2|38335|39142|38335[38335]:38910[38910]:576[576]|39014[39014]:39142[39142]:129[129]
5846	28317-405	0	833	-1	79345at147550|scaffold265|-|39|3.957e-06|1|27913|28317|28317[28317]:27913[27913]:405[405]
5846	48392+421	0	1078	1	108443at147550|scaffold265|+|141|7.804e-37|3|48392|48812|48392[48392]:48436[48436]:45[45]|48494[48503]:48697[48697]:204[195]|48765[48765]:48812[48812]:48[48]
5846	52475+981	0	1498	1	47815at147550|scaffold265|+|157|1.191e-41|2|52475|53455|52475[52475]:52987[52987]:513[513]|53045[53045]:53455[53455]:411[411]
5849	42971+1492	0	1951	1	46366at147550|scaffold361|+|91|8.787e-22|2|42971|44462|42971[42971]:43720[43720]:750[750]|43959[43959]:44462[44462]:504[504]
14586	4741+865	0	1670	1	77803at147550|scaffold21|+|102|4.29e-25|2|4741|5605|4741[4741]:4926[4926]:186[186]|5036[5036]:5605[5605]:570[570]
14587	31927-1953	0	2417	-1	13129at147550|scaffold53|-|747|2.939e-219|1|29975|31927|31927[31927]:29975[29975]:1953[1953]
20433	63297-798	0	2382	-1	97009at147550|scaffold509|-|123|2.046e-31|2|62500|63297|63297[63297]:63196[63196]:102[102]|62970[62970]:62500[62500]:471[471]
16046	87858+967	0	1826	1	69966at147550|scaffold87|+|75|5.758e-17|2|87858|88824|87858[87858]:88142[88142]:285[285]|88204[88210]:88824[88824]:621[615]
16048	210200-1572	0	1831	-1	32233at147550|scaffold151|-|568|2.252e-165|3|208629|210200|210200[210200]:210063[210063]:138[138]|209947[209938]:209645[209645]:303[294]|209198[209198]:208629[208629]:570[570]
16048	153353-1995	0	1877	-1	25381at147550|scaffold151|-|459|1.461e-132|4|151359|153353|153353[153353]:153264[153264]:90[90]|153198[153189]:153145[153145]:54[45]|153049[153049]:151670[151670]:1380[1380]|151613[151613]:151359[151359]:255[255]
18242	3+261	0	1483	1	88302at147550|scaffold378|+|130|1.598e-33|1|3|263|3[3]:263[263]:261[261]
18243	84506+942	0	755	1	79345at147550|scaffold410|+|62|4.717e-13|1|84506|85447|84506[84506]:85447[85447]:942[942]
18243	221660+5072	0	1888	1	54635at147550|scaffold410|+|935|7.49e-276|3|221660|226731|221660[221660]:222343[222343]:684[684]|222411[222411]:223142[223142]:732[732]|225049[225049]:226731[226731]:1683[1683]
18248	136628-967	0	197	-1	98915at147550|scaffold570|-|208|5.288e-57|2|135662|136628|136628[136628]:136422[136422]:207[207]|136153[136150]:135662[135662]:492[489]
18248	43598-1246	0	569	-1	37514at147550|scaffold570|-|152|3.811e-40|3|42353|43598|43598[43598]:43536[43536]:63[63]|43264[43264]:43196[43196]:69[69]|43057[43057]:42353[42353]:705[705]
18248	57494-282	0	880	-1	93146at147550|scaffold570|-|48|7.729e-09|1|57213|57494|57494[57494]:57213[57213]:282[282]
18248	95531+717	0	1020	1	56486at147550|scaffold570|+|72|4.607e-16|1|95531|96247|95531[95531]:96247[96247]:717[717]
18248	32647+1746	0	1237	1	42536at147550|scaffold570|+|331|4.973e-94|1|32647|34392|32647[32647]:34392[34392]:1746[1746]
18248	147470+1746	0	1269	1	59415at147550|scaffold570|+|298|4.272e-84|3|147470|149215|147470[147470]:147781[147781]:312[312]|147957[147957]:148529[148529]:573[573]|148592[148592]:149215[149215]:624[624]
18248	69215+429	0	2136	1	96680at147550|scaffold570|+|172|3.634e-46|1|69215|69643|69215[69215]:69643[69643]:429[429]
21890	40034-1918	0	57	-1	60535at147550|scaffold479|-|176|2.271e-47|2|38117|40034|40034[40034]:39279[39279]:756[756]|39037[39037]:38117[38117]:921[921]
21898	20648-2769	0	1440	-1	94375at147550|scaffold735|-|378|3.534e-108|4|17880|20648|20648[20648]:20568[20568]:81[81]|20492[20492]:20301[20301]:192[192]|20222[20222]:19929[19929]:294[294]|18893[18893]:17880[17880]:1014[1014]
15338	21163+675	0	471	1	77695at147550|scaffold758|+|87|1.406e-20|2|21163|21837|21163[21163]:21483[21483]:321[321]|21541[21541]:21837[21837]:297[297]
17505	149985+1746	0	250	1	28504at147550|scaffold121|+|193|1.733e-52|1|149985|151730|149985[149985]:151730[151730]:1746[1746]
17505	105323+4530	0	1609	1	56388at147550|scaffold121|+|765|1.121e-224|5|105323|109852|105323[105323]:107611[107611]:2289[2289]|108902[108902]:109003[109003]:102[102]|109139[109145]:109186[109186]:48[42]|109255[109264]:109335[109335]:81[72]|109514[109523]:109852[109852]:339[330]
17505	159622+981	0	1805	1	30690at147550|scaffold121|+|37|1.583e-05|1|159622|160602|159622[159622]:160602[160602]:981[981]
17505	81507-4301	0	1951	-1	46366at147550|scaffold121|-|69|3.685e-15|2|77207|81507|81507[81507]:81472[81472]:36[36]|78001[78001]:77207[77207]:795[795]
17508	71008-3953	0	292	-1	25251at147550|scaffold217|-|1082|4.19906e-320|2|67056|71008|71008[71008]:70109[70109]:900[900]|70058[70046]:67056[67056]:3003[2991]
17508	168547+1791	0	1752	1	19349at147550|scaffold217|+|126|2.557e-32|2|168547|170337|168547[168547]:169899[169899]:1353[1353]|170014[170014]:170337[170337]:324[324]
17508	62469+963	0	1951	1	46366at147550|scaffold217|+|73|2.303e-16|1|62469|63431|62469[62469]:63431[63431]:963[963]
17509	154180+615	0	1097	1	56486at147550|scaffold249|+|96|2.746e-23|1|154180|154794|154180[154180]:154794[154794]:615[615]
17509	32148-1264	0	1324	-1	82488at147550|scaffold249|-|311|5.215e-88|3|30885|32148|32148[32148]:32047[32047]:102[102]|31915[31915]:31604[31604]:312[312]|31478[31478]:30885[30885]:594[594]
17509	68861-992	0	1449	-1	79345at147550|scaffold249|-|114|1.047e-28|2|67870|68861|68861[68861]:68106[68106]:756[756]|68052[68037]:67870[67870]:183[168]
21900	18755-439	0	1228	-1	93640at147550|scaffold799|-|91|8.787e-22|2|18317|18755|18755[18755]:18639[18639]:117[117]|18493[18493]:18317[18317]:177[177]
21901	10350+1574	0	413	1	37514at147550|scaffold831|+|265|3.669e-74|2|10350|11923|10350[10350]:10535[10535]:186[186]|10613[10613]:11923[11923]:1311[1311]
21901	13354-816	0	866	-1	56486at147550|scaffold831|-|136|2.497e-35|1|12539|13354|13354[13354]:12539[12539]:816[816]
1462	39433+825	0	987	1	79345at147550|scaffold67|+|57|1.51e-11|1|39433|40257|39433[39433]:40257[40257]:825[825]
1464	41519-9300	0	943	-1	56486at147550|scaffold131|-|73|2.303e-16|2|32220|41519|41519[41519]:41463[41463]:57[57]|32963[32963]:32220[32220]:744[744]
1465	117448-813	0	1722	-1	39248at147550|scaffold163|-|38|7.914e-06|1|116636|117448|117448[117448]:116636[116636]:813[813]
1465	40430-2132	0	1752	-1	19349at147550|scaffold163|-|203|1.692e-55|2|38299|40430|40430[40430]:38781[38781]:1650[1650]|38685[38685]:38299[38299]:387[387]
1467	43945-879	0	1849	-1	64353at147550|scaffold227|-|444|4.789e-128|2|43067|43945|43945[43945]:43799[43799]:147[147]|43735[43732]:43067[43067]:669[666]
16050	49511+533	0	35	1	105837at147550|scaffold215|+|168|5.815e-45|2|49511|50043|49511[49511]:49597[49597]:87[87]|49732[49732]:50043[50043]:312[312]
16050	61514+1848	0	335	1	37514at147550|scaffold215|+|232|3.152e-64|3|61514|63361|61514[61514]:61867[61867]:354[354]|62142[62142]:62540[62540]:399[399]|62684[62684]:63361[63361]:678[678]
16053	118367+1600	0	1038	1	59415at147550|scaffold311|+|297|8.544e-84|2|118367|119966|118367[118367]:118972[118972]:606[606]|119037[119037]:119966[119966]:930[930]
16054	264393+189	0	342	1	103149at147550|scaffold343|+|76|2.879e-17|1|264393|264581|264393[264393]:264581[264581]:189[189]
16056	17326-366	0	545	-1	107710at147550|scaffold407|-|101|8.581e-25|1|16961|17326|17326[17326]:16961[16961]:366[366]
16056	15687+420	0	833	1	79345at147550|scaffold407|+|69|3.685e-15|1|15687|16106|15687[15687]:16106[16106]:420[420]
16056	70964-4352	0	1216	-1	54956at147550|scaffold407|-|570|5.629e-166|5|66613|70964|70964[70964]:70839[70839]:126[126]|70767[70755]:68563[68563]:2205[2193]|67572[67572]:67282[67282]:291[291]|67111[67111]:66794[66794]:318[318]|66687[66687]:66613[66613]:75[75]
21876	57780-1077	0	1874	-1	46366at147550|scaffold31|-|83|2.249e-19|1|56704|57780|57780[57780]:56704[56704]:1077[1077]
21879	9647+858	0	17	1	46366at147550|scaffold127|+|51|9.661e-10|1|9647|10504|9647[9647]:10504[10504]:858[858]
1473	1026+2626	0	1067	1	50976at147550|scaffold419|+|301|5.34e-85|2|1026|3651|1026[1026]:1625[1625]:600[600]|1711[1714]:3651[3651]:1941[1938]
4401	36318+11500	0	2184	1	39248at147550|scaffold679|+|79|3.599e-18|2|36318|47817|36318[36318]:37079[37079]:762[762]|47749[47749]:47817[47817]:69[69]
5842	12515+894	0	1215	1	32233at147550|scaffold137|+|50|1.932e-09|1|12515|13408|12515[12515]:13408[13408]:894[894]
5842	153940+1064	0	2435	1	77695at147550|scaffold137|+|97|1.373e-23|2|153940|155003|153940[153940]:154374[154374]:435[435]|154497[154497]:155003[155003]:507[507]
5110	119119-1290	0	257	-1	37514at147550|scaffold40|-|294|6.835e-83|2|117830|119119|119119[119119]:118826[118826]:294[294]|118759[118759]:117830[117830]:930[930]
5110	59387+1164	0	1730	1	81480at147550|scaffold40|+|114|1.047e-28|2|59387|60550|59387[59387]:59728[59728]:342[342]|60083[60083]:60550[60550]:468[468]
5112	168821+1556	0	569	1	37514at147550|scaffold104|+|224|8.069e-62|3|168821|170376|168821[168821]:169393[169393]:573[573]|169469[169469]:169630[169630]:162[162]|169741[169741]:170376[170376]:636[636]
5112	115723+1763	0	1729	1	47815at147550|scaffold104|+|358|3.705e-102|3|115723|117485|115723[115723]:116538[116538]:816[816]|116587[116593]:116871[116871]:285[279]|116925[116925]:117485[117485]:561[561]
5114	47493-1579	0	778	-1	75751at147550|scaffold168|-|285|3.499e-80|2|45915|47493|47493[47493]:46276[46276]:1218[1218]|46157[46157]:45915[45915]:243[243]
5114	114254+3852	0	2050	1	92804at147550|scaffold168|+|824|1.945e-242|4|114254|118105|114254[114254]:115309[115309]:1056[1056]|117314[117314]:117358[117358]:45[45]|117704[117704]:117883[117883]:180[180]|117953[117968]:118105[118105]:153[138]
5116	131853+951	0	59	1	81333at147550|scaffold232|+|349|1.897e-99|1|131853|132803|131853[131853]:132803[132803]:951[951]
5116	23963+939	0	875	1	89897at147550|scaffold232|+|269|2.293e-75|1|23963|24901|23963[23963]:24901[24901]:939[939]
5116	56628+497	0	1176	1	104558at147550|scaffold232|+|124|1.023e-31|2|56628|57124|56628[56628]:56807[56807]:180[180]|56870[56882]:57124[57124]:255[243]
5116	151727-377	0	1642	-1	94396at147550|scaffold232|-|78|7.198e-18|2|151351|151727|151727[151727]:151581[151581]:147[147]|151509[151509]:151351[151351]:159[159]
17513	21120-14602	0	2440	-1	68418at147550|scaffold377|-|89|3.515e-21|2|6519|21120|21120[21120]:20434[20434]:687[687]|6722[6713]:6519[6519]:204[195]
17516	186504-219	0	198	-1	86126at147550|scaffold473|-|91|8.787e-22|1|186286|186504|186504[186504]:186286[186286]:219[219]
17516	104043-759	0	1259	-1	101268at147550|scaffold473|-|175|4.543e-47|3|103285|104043|104043[104043]:103882[103882]:162[162]|103700[103700]:103596[103596]:105[105]|103392[103389]:103285[103285]:108[105]
17516	59742-1398	0	1518	-1	69966at147550|scaffold473|-|289|2.187e-81|1|58345|59742|59742[59742]:58345[58345]:1398[1398]
22597	50+336	0	1342	1	93146at147550|C168980|+|111|8.38e-28|1|50|385|50[50]:385[385]:336[336]
11692	58458+723	0	1663	1	105969at147550|scaffold721|+|206|2.115e-56|3|58458|59180|58458[58458]:58631[58631]:174[174]|58710[58713]:58958[58958]:249[246]|59058[59064]:59180[59180]:123[117]
11692	60170-156	0	2010	-1	105186at147550|scaffold721|-|46|3.092e-08|1|60015|60170|60170[60170]:60015[60015]:156[156]
12422	7082+1611	0	1800	1	25381at147550|scaffold754|+|800|3.263e-235|4|7082|8692|7082[7082]:7204[7204]:123[123]|7282[7282]:7548[7548]:267[267]|7605[7611]:7898[7898]:294[288]|7964[7964]:8692[8692]:729[729]
19697	56466-3150	0	1171	-1	78782at147550|scaffold284|-|1033|2.364e-305|4|53317|56466|56466[56466]:55294[55294]:1173[1173]|54248[54248]:54186[54186]:63[63]|54108[54108]:53950[53950]:159[159]|53871[53859]:53317[53317]:555[543]
19697	42778+1540	0	1602	1	80725at147550|scaffold284|+|345|3.035e-98|2|42778|44317|42778[42778]:42828[42828]:51[51]|43052[43052]:44317[44317]:1266[1266]
19698	172059+998	0	179	1	37514at147550|scaffold316|+|185|4.436e-50|2|172059|173056|172059[172059]:172169[172169]:111[111]|172262[172262]:173056[173056]:795[795]
19698	117159+462	0	1443	1	98468at147550|scaffold316|+|166|2.326e-44|2|117159|117620|117159[117159]:117257[117257]:99[99]|117420[117432]:117620[117620]:201[189]
19698	167383+28272	0	1804	1	29088at147550|scaffold316|+|895|8.236e-264|4|167383|195654|167383[167383]:169944[169944]:2562[2562]|194246[194246]:194494[194494]:249[249]|194753[194762]:194908[194908]:156[147]|194971[194974]:195654[195654]:684[681]
22605	161613+780	0	434	1	68418at147550|scaffold32|+|39|3.957e-06|1|161613|162392|161613[161613]:162392[162392]:780[780]
22605	16673+2154	0	945	1	10101at147550|scaffold32|+|294|6.835e-83|1|16673|18826|16673[16673]:18826[18826]:2154[2154]
22605	182776-13661	0	1764	-1	51773at147550|scaffold32|-|351|4.743e-100|4|169116|182776|182776[182776]:182729[182729]:48[48]|170184[170184]:169849[169849]:336[336]|169785[169785]:169225[169225]:561[561]|169151[169136]:169116[169116]:36[21]
22605	211231+2955	0	1844	1	18800at147550|scaffold32|+|1064|1.101e-314|1|211231|214185|211231[211231]:214185[214185]:2955[2955]
22609	55189-1335	0	307	-1	71182at147550|scaffold160|-|384|5.521e-110|2|53855|55189|55189[55189]:54368[54368]:822[822]|54241[54238]:53855[53855]:387[384]
22609	19544-578	0	1459	-1	93640at147550|scaffold160|-|214|8.263e-59|2|18967|19544|19544[19544]:19233[19233]:312[312]|19134[19134]:18967[18967]:168[168]
10941	2041+1230	0	17	1	46366at147550|scaffold16|+|97|1.373e-23|1|2041|3270|2041[2041]:3270[3270]:1230[1230]
10941	47645-1617	0	101	-1	37514at147550|scaffold16|-|280|1.12e-78|2|46029|47645|47645[47645]:47139[47139]:507[507]|47048[47048]:46029[46029]:1020[1020]
10941	36326-1722	0	443	-1	36790at147550|scaffold16|-|404|5.265e-116|1|34605|36326|36326[36326]:34605[34605]:1722[1722]
10941	29078+1014	0	2413	1	46366at147550|scaffold16|+|106|2.681e-26|1|29078|30091|29078[29078]:30091[30091]:1014[1014]
10944	79619+1093	0	1711	1	93919at147550|scaffold112|+|297|8.544e-84|2|79619|80711|79619[79619]:80215[80215]:597[597]|80349[80349]:80711[80711]:363[363]
4380	55557-1335	0	1851	-1	78039at147550|scaffold7|-|259|2.348e-72|1|54223|55557|55557[55557]:54223[54223]:1335[1335]
4380	12737+1640	0	2182	1	46366at147550|scaffold7|+|684|2.71e-200|2|12737|14376|12737[12737]:12829[12829]:93[93]|12925[12940]:14376[14376]:1452[1437]
4381	58701-741	0	2107	-1	39248at147550|scaffold39|-|67|1.474e-14|1|57961|58701|58701[58701]:57961[57961]:741[741]
4381	120563+639	0	2260	1	107985at147550|scaffold39|+|131|7.991e-34|3|120563|121201|120563[120563]:120604[120604]:42[42]|120867[120867]:120965[120965]:99[99]|121052[121052]:121201[121201]:150[150]
4382	420685-729	0	172	-1	78470at147550|scaffold71|-|85|5.623e-20|1|419957|420685|420685[420685]:419957[419957]:729[729]
4382	160027+49022	0	1427	1	95410at147550|scaffold71|+|303|1.335e-85|2|160027|209048|160027[160027]:160902[160902]:876[876]|208941[208953]:209048[209048]:108[96]
4382	588456-702	0	1449	-1	79345at147550|scaffold71|-|33|0.0002533|1|587755|588456|588456[588456]:587755[587755]:702[702]
4382	209224+30500	0	1557	1	89470at147550|scaffold71|+|98|6.865e-24|2|209224|239723|209224[209224]:210309[210309]:1086[1086]|239679[239679]:239723[239723]:45[45]
4382	228103+1575	0	1651	1	30690at147550|scaffold71|+|82|4.499e-19|1|228103|229677|228103[228103]:229677[229677]:1575[1575]
4382	165294-593	0	1658	-1	95410at147550|scaffold71|-|310|1.043e-87|3|164702|165294|165294[165294]:165229[165229]:66[66]|165156[165153]:165049[165049]:108[105]|165031[165022]:164702[164702]:330[321]
4382	237242+2768	0	1659	1	83794at147550|scaffold71|+|718|1.578e-210|5|237242|240009|237242[237242]:237292[237292]:51[51]|237390[237396]:238217[238217]:828[822]|239067[239067]:239129[239129]:63[63]|239228[239240]:239869[239869]:642[630]|239929[239929]:240009[240009]:81[81]
4382	304527+3489	0	2002	1	30965at147550|scaffold71|+|1297|0|6|304527|308015|304527[304527]:305444[305444]:918[918]|305495[305498]:305830[305830]:336[333]|306676[306685]:306822[306822]:147[138]|307070[307070]:307765[307765]:696[696]|307817[307817]:307888[307888]:72[72]|307947[307947]:308015[308015]:69[69]
4382	199963-669	0	2089	-1	94396at147550|scaffold71|-|295|3.417e-83|3|199295|199963|199963[199963]:199802[199802]:162[162]|199724[199724]:199485[199485]:240[240]|199417[199402]:199295[199295]:123[108]
4382	128333-1476	0	2276	-1	9340at147550|scaffold71|-|218|5.164e-60|1|126858|128333|128333[128333]:126858[126858]:1476[1476]
4386	61993+519	0	1064	1	79345at147550|scaffold199|+|70|1.843e-15|1|61993|62511|61993[61993]:62511[62511]:519[519]
18236	2497-525	0	375	-1	94327at147550|scaffold186|-|178|5.678e-48|1|1973|2497|2497[2497]:1973[1973]:525[525]
18236	16851-444	0	1449	-1	79345at147550|scaffold186|-|46|3.092e-08|1|16408|16851|16851[16851]:16408[16408]:444[444]
18236	81456-1485	0	1752	-1	19349at147550|scaffold186|-|238|4.925e-66|1|79972|81456|81456[81456]:79972[79972]:1485[1485]
18238	328216-3756	0	292	-1	25251at147550|scaffold250|-|258|4.697e-72|1|324461|328216|328216[328216]:324461[324461]:3756[3756]
18238	21678-1632	0	569	-1	37514at147550|scaffold250|-|249|2.405e-69|3|20047|21678|21678[21678]:21400[21400]:279[279]|21327[21327]:20707[20707]:621[621]|20592[20592]:20047[20047]:546[546]
18238	403342+171	0	671	1	98813at147550|scaffold250|+|52|4.831e-10|1|403342|403512|403342[403342]:403512[403512]:171[171]
18238	176883+759	0	1554	1	79345at147550|scaffold250|+|60|1.887e-12|1|176883|177641|176883[176883]:177641[177641]:759[759]
18238	152645-336	0	1588	-1	92804at147550|scaffold250|-|116|2.619e-29|1|152310|152645|152645[152645]:152310[152310]:336[336]
18238	158283-621	0	2303	-1	102998at147550|scaffold250|-|162|3.721e-43|1|157663|158283|158283[158283]:157663[157663]:621[621]
11680	20551-870	0	1064	-1	79345at147550|scaffold337|-|87|1.406e-20|1|19682|20551|20551[20551]:19682[19682]:870[870]
11682	26336-1748	0	813	-1	28395at147550|scaffold401|-|267|9.174e-75|3|24589|26336|26336[26336]:26067[26067]:270[270]|26010[26007]:25438[25438]:573[570]|25089[25089]:24589[24589]:501[501]
11686	75499-886	0	1174	-1	56486at147550|scaffold529|-|173|1.817e-46|2|74614|75499|75499[75499]:74774[74774]:726[726]|74682[74682]:74614[74614]:69[69]
10950	15161+1440	0	1189	1	37364at147550|scaffold304|+|343|1.214e-97|1|15161|16600|15161[15161]:16600[16600]:1440[1440]
10951	10610-525	0	755	-1	79345at147550|scaffold336|-|54|1.208e-10|1|10086|10610|10610[10610]:10086[10086]:525[525]
10957	129433+1181	0	48	1	49614at147550|scaffold528|+|468|2.854e-135|2|129433|130613|129433[129433]:130017[130017]:585[585]|130068[130077]:130613[130613]:546[537]
10957	21714+1092	0	481	1	19770at147550|scaffold528|+|126|2.557e-32|1|21714|22805|21714[21714]:22805[22805]:1092[1092]
10957	67963+2130	0	787	1	23612at147550|scaffold528|+|634|3.052e-185|2|67963|70092|67963[67963]:68397[68397]:435[435]|68806[68821]:70092[70092]:1287[1272]
10957	82267+699	0	943	1	56486at147550|scaffold528|+|78|7.198e-18|1|82267|82965|82267[82267]:82965[82965]:699[699]
5838	266010-504	0	509	-1	92228at147550|scaffold9|-|82|4.499e-19|1|265507|266010|266010[266010]:265507[265507]:504[504]
5838	315863+1033	0	1745	1	91636at147550|scaffold9|+|261|5.871e-73|2|315863|316895|315863[315863]:316207[316207]:345[345]|316455[316464]:316895[316895]:441[432]
5839	95722-2061	0	1011	-1	10101at147550|scaffold41|-|131|7.991e-34|1|93662|95722|95722[95722]:93662[93662]:2061[2061]
9502	20895+660	0	866	1	56486at147550|scaffold622|+|50|1.932e-09|1|20895|21554|20895[20895]:21554[21554]:660[660]
9504	22378+771	0	2286	1	68418at147550|scaffold686|+|144|9.755e-38|1|22378|23148|22378[22378]:23148[23148]:771[771]
9505	25699-465	0	470	-1	85668at147550|scaffold718|-|38|7.914e-06|1|25235|25699|25699[25699]:25235[25235]:465[465]
16773	136904+639	0	711	1	56486at147550|scaffold24|+|32|0.0005065|1|136904|137542|136904[136904]:137542[137542]:639[639]
16773	175265-1440	0	1115	-1	59415at147550|scaffold24|-|205|4.231e-56|1|173826|175265|175265[175265]:173826[173826]:1440[1440]
16774	149012-360	0	833	-1	79345at147550|scaffold56|-|39|3.957e-06|1|148653|149012|149012[149012]:148653[148653]:360[360]
16774	156978+1763	0	1003	1	100187at147550|scaffold56|+|155|4.763e-41|3|156978|158740|156978[156978]:157223[157223]:246[246]|158229[158229]:158384[158384]:156[156]|158444[158444]:158740[158740]:297[297]
16774	30590+33940	0	1786	1	105629at147550|scaffold56|+|37|1.583e-05|2|30590|64529|30590[30590]:30730[30730]:141[141]|64353[64353]:64529[64529]:177[177]
16776	42041+448	0	1680	1	104571at147550|scaffold120|+|189|2.773e-51|2|42041|42488|42041[42041]:42169[42169]:129[129]|42342[42342]:42488[42488]:147[147]
16779	8024-678	0	172	-1	78470at147550|scaffold216|-|78|7.198e-18|1|7347|8024|8024[8024]:7347[7347]:678[678]
7311	5+1812	0	206	1	11516at147550|scaffold491|+|1062|4.402e-314|1|5|1816|5[5]:1816[1816]:1812[1812]
7313	97321+1641	0	1269	1	59415at147550|scaffold555|+|211|6.61e-58|1|97321|98961|97321[97321]:98961[98961]:1641[1641]
7313	28404+609	0	2329	1	57485at147550|scaffold555|+|151|7.621e-40|1|28404|29012|28404[28404]:29012[29012]:609[609]
3673	16995-1484	0	222	-1	35704at147550|scaffold742|-|844|1.855e-248|2|15512|16995|16995[16995]:16846[16846]:150[150]|16768[16768]:15512[15512]:1257[1257]
6590	77773+576	0	1449	1	79345at147550|scaffold746|+|76|2.879e-17|1|77773|78348|77773[77773]:78348[78348]:576[576]
6593	1446+846	0	17	1	46366at147550|scaffold842|+|49|3.864e-09|1|1446|2291|1446[1446]:2291[2291]:846[846]
6593	12694-1419	0	1675	-1	19349at147550|scaffold842|-|169|2.907e-45|1|11276|12694|12694[12694]:11276[11276]:1419[1419]
11673	25310-825	0	1141	-1	79345at147550|scaffold113|-|72|4.607e-16|1|24486|25310|25310[25310]:24486[24486]:825[825]
11673	8031+603	0	2363	1	68418at147550|scaffold113|+|58|7.548e-12|1|8031|8633|8031[8031]:8633[8633]:603[603]
11679	27355+7233	0	214	1	25251at147550|scaffold305|+|2456|0|8|27355|34587|27355[27355]:28950[28950]:1596[1596]|29009[29009]:29353[29353]:345[345]|29403[29412]:30191[30191]:789[780]|30258[30258]:30392[30392]:135[135]|31042[31042]:31125[31125]:84[84]|31183[31186]:33741[33741]:2559[2556]|33799[33799]:33909[33909]:111[111]|33970[33970]:34587[34587]:618[618]
11679	17740-1335	0	1269	-1	59415at147550|scaffold305|-|45|6.183e-08|1|16406|17740|17740[17740]:16406[16406]:1335[1335]
14610	12340+1392	0	2076	1	49032at147550|scaffold789|+|278|4.479e-78|1|12340|13731|12340[12340]:13731[13731]:1392[1392]
2931	36757-2528	0	247	-1	19770at147550|scaffold357|-|782|8.553e-230|3|34230|36757|36757[36757]:36449[36449]:309[309]|36353[36353]:35697[35697]:657[657]|35612[35612]:34230[34230]:1383[1383]
2931	36911+3796	0	1178	1	107520at147550|scaffold357|+|49|3.864e-09|2|36911|40706|36911[36911]:36961[36961]:51[51]|40500[40506]:40706[40706]:207[201]
2932	11351-1028	0	2411	-1	108059at147550|scaffold389|-|193|1.733e-52|4|10324|11351|11351[11351]:11205[11205]:147[147]|11022[11013]:10855[10855]:168[159]|10739[10736]:10560[10560]:180[177]|10476[10476]:10324[10324]:153[153]
9492	103792-2984	0	11	-1	44343at147550|scaffold302|-|857|2.264e-252|5|100809|103792|103792[103792]:103619[103619]:174[174]|103463[103460]:103248[103248]:216[213]|103041[103041]:102859[102859]:183[183]|102795[102795]:102547[102547]:249[249]|102482[102482]:100809[100809]:1674[1674]
9492	110377+1040	0	89	1	44343at147550|scaffold302|+|483|8.711e-140|3|110377|111416|110377[110377]:110469[110469]:93[93]|110591[110594]:110752[110752]:162[159]|110805[110808]:111416[111416]:612[609]
9492	76306-1828	0	2043	-1	25456at147550|scaffold302|-|989|4.158e-292|7|74479|76306|76306[76306]:76223[76223]:84[84]|76167[76158]:76084[76084]:84[75]|76016[76013]:75867[75867]:150[147]|75863[75863]:75672[75672]:192[192]|75604[75604]:75167[75167]:438[438]|75120[75108]:74614[74614]:507[495]|74547[74547]:74479[74479]:69[69]
10221	43389+627	0	944	1	93357at147550|scaffold303|+|145|4.878e-38|1|43389|44015|43389[43389]:44015[44015]:627[627]
10224	5444-993	0	999	-1	80192at147550|scaffold399|-|334|6.216e-95|1|4452|5444|5444[5444]:4452[4452]:993[993]
8770	19590+403	0	182	1	104466at147550|scaffold525|+|113|2.095e-28|2|19590|19992|19590[19590]:19787[19787]:198[198]|19789[19801]:19992[19992]:204[192]
8771	68785-598	0	1071	-1	94479at147550|scaffold557|-|293|1.367e-82|2|68188|68785|68785[68785]:68750[68750]:36[36]|68697[68691]:68188[68188]:510[504]
8771	64135-1408	0	1348	-1	73116at147550|scaffold557|-|416|1.286e-119|4|62728|64135|64135[64135]:64088[64088]:48[48]|63926[63923]:63801[63801]:126[123]|63452[63452]:62946[62946]:507[507]|62865[62865]:62728[62728]:138[138]
8771	105936+999	0	2406	1	57485at147550|scaffold557|+|201|6.769e-55|1|105936|106934|105936[105936]:106934[106934]:999[999]
8776	17863+1894	0	101	1	37514at147550|scaffold717|+|205|4.231e-56|3|17863|19756|17863[17863]:18177[18177]:315[315]|18476[18476]:18688[18688]:213[213]|18785[18785]:19756[19756]:972[972]
8777	44551+2517	0	993	1	37149at147550|scaffold749|+|604|3.277e-176|4|44551|47067|44551[44551]:44763[44763]:213[213]|44857[44866]:45810[45810]:954[945]|45869[45872]:46573[46573]:705[702]|46654[46654]:47067[47067]:414[414]
2921	38870-1462	0	23	-1	37514at147550|scaffold37|-|241|6.156e-67|2|37409|38870|38870[38870]:38553[38553]:318[318]|38386[38386]:37409[37409]:978[978]
2921	154036-915	0	943	-1	56486at147550|scaffold37|-|98|6.865e-24|1|153122|154036|154036[154036]:153122[153122]:915[915]
2921	82929-1857	0	983	-1	42564at147550|scaffold37|-|477|5.575e-138|1|81073|82929|82929[82929]:81073[81073]:1857[1857]
2922	154510-4041	0	2450	-1	86340at147550|scaffold69|-|550|5.903e-160|6|150470|154510|154510[154510]:153977[153977]:534[534]|153935[153923]:153237[153237]:699[687]|153174[153165]:152965[152965]:210[201]|151982[151982]:151929[151929]:54[54]|151362[151362]:150829[150829]:534[534]|150775[150775]:150470[150470]:306[306]
2923	25268-565	0	785	-1	94479at147550|scaffold101|-|119|3.273e-30|2|24704|25268|25268[25268]:25011[25011]:258[258]|24940[24940]:24704[24704]:237[237]
2925	20622-834	0	866	-1	56486at147550|scaffold165|-|158|5.954e-42|1|19789|20622|20622[20622]:19789[19789]:834[834]
2925	25057+876	0	1141	1	79345at147550|scaffold165|+|82|4.499e-19|2|25057|25932|25057[25057]:25725[25725]:669[669]|25831[25831]:25932[25932]:102[102]
2925	71380-537	0	1707	-1	68418at147550|scaffold165|-|36|3.166e-05|1|70844|71380|71380[71380]:70844[70844]:537[537]
2927	149368-17413	0	321	-1	98764at147550|scaffold229|-|40|1.979e-06|2|131956|149368|149368[149368]:149159[149159]:210[210]|132018[132018]:131956[131956]:63[63]
2927	172345-2479	0	899	-1	77825at147550|scaffold229|-|538|2.418e-156|2|169867|172345|172345[172345]:171614[171614]:732[732]|170610[170610]:169867[169867]:744[744]
2927	189246-19559	0	1241	-1	91303at147550|scaffold229|-|238|4.925e-66|3|169688|189246|189246[189246]:188731[188731]:516[516]|188627[188627]:188394[188394]:234[234]|169735[169735]:169688[169688]:48[48]
2928	9210-1347	0	724	-1	67531at147550|scaffold261|-|352|2.371e-100|1|7864|9210|9210[9210]:7864[7864]:1347[1347]
2928	73337+798	0	755	1	79345at147550|scaffold261|+|85|5.623e-20|1|73337|74134|73337[73337]:74134[74134]:798[798]
10961	8026+2112	0	401	1	10101at147550|scaffold656|+|132|3.996e-34|1|8026|10137|8026[8026]:10137[10137]:2112[2112]
15315	42988-897	0	2105	-1	46366at147550|scaffold22|-|109|3.352e-27|1|42092|42988|42988[42988]:42092[42092]:897[897]
2190	49856+1624	0	1474	1	37514at147550|scaffold4|+|291|5.468e-82|3|49856|51479|49856[49856]:49990[49990]:135[135]|50099[50099]:50926[50926]:828[828]|51009[51009]:51479[51479]:471[471]
2190	53350-1101	0	2105	-1	46366at147550|scaffold4|-|98|6.865e-24|1|52250|53350|53350[53350]:52250[52250]:1101[1101]
2191	114079-669	0	633	-1	56486at147550|scaffold36|-|78|7.198e-18|1|113411|114079|114079[114079]:113411[113411]:669[669]
2191	33961-372	0	1956	-1	73825at147550|scaffold36|-|64|1.179e-13|1|33590|33961|33961[33961]:33590[33590]:372[372]
2193	24448+1348	0	23	1	37514at147550|scaffold100|+|290|1.094e-81|2|24448|25795|24448[24448]:25188[25188]:741[741]|25277[25277]:25795[25795]:519[519]
2195	21636-1178	0	943	-1	56486at147550|scaffold164|-|193|1.733e-52|3|20459|21636|21636[21636]:21517[21517]:120[120]|21305[21296]:20910[20910]:396[387]|20764[20749]:20459[20459]:306[291]
2197	13326+411	0	165	1	98764at147550|scaffold228|+|52|4.831e-10|1|13326|13736|13326[13326]:13736[13736]:411[411]
2197	57271+519	0	965	1	92558at147550|scaffold228|+|92|4.393e-22|1|57271|57789|57271[57271]:57789[57789]:519[519]
19702	22521-995	0	1802	-1	73825at147550|scaffold444|-|381|4.417e-109|3|21527|22521|22521[22521]:22453[22453]:69[69]|22215[22215]:22126[22126]:90[90]|22063[22063]:21527[21527]:537[537]
13860	145577+252	0	1719	1	94396at147550|scaffold116|+|71|9.213e-16|1|145577|145828|145577[145577]:145828[145828]:252[252]
13861	52528-2452	0	868	-1	10101at147550|scaffold148|-|158|5.954e-42|2|50077|52528|52528[52528]:51173[51173]:1356[1356]|50535[50535]:50077[50077]:459[459]
13861	127456+1008	0	1269	1	59415at147550|scaffold148|+|57|1.51e-11|1|127456|128463|127456[127456]:128463[128463]:1008[1008]
13866	121179+332	0	194	1	106334at147550|scaffold308|+|62|4.717e-13|2|121179|121510|121179[121179]:121337[121337]:159[159]|121439[121445]:121510[121510]:72[66]
13866	112353-2502	0	323	-1	10101at147550|scaffold308|-|79|3.599e-18|1|109852|112353|112353[112353]:109852[109852]:2502[2502]
13866	70045+1110	0	607	1	71972at147550|scaffold308|+|455|2.338e-131|1|70045|71154|70045[70045]:71154[71154]:1110[1110]
13866	49143-954	0	1511	-1	92804at147550|scaffold308|-|58|7.548e-12|1|48190|49143|49143[49143]:48190[48190]:954[954]
13866	126581-3816	0	1904	-1	97441at147550|scaffold308|-|1023|2.42e-302|6|122766|126581|126581[126581]:125184[125184]:1398[1398]|125122[125116]:124904[124904]:219[213]|123662[123662]:123444[123444]:219[219]|123367[123358]:123323[123323]:45[36]|123078[123072]:123031[123031]:48[42]|122936[122936]:122766[122766]:171[171]
13866	107211+831	0	2397	1	46366at147550|scaffold308|+|82|4.499e-19|1|107211|108041|107211[107211]:108041[108041]:831[831]
13868	51818+10958	0	2181	1	78470at147550|scaffold372|+|962|5.581e-284|14|51818|62775|51818[51818]:51937[51937]:120[120]|52030[52030]:52095[52095]:66[66]|52146[52152]:52289[52289]:144[138]|52340[52340]:52384[52384]:45[45]|52535[52535]:52645[52645]:111[111]|52704[52704]:52772[52772]:69[69]|52828[52840]:52872[52872]:45[33]|52935[52938]:53018[53018]:84[81]|53263[53263]:53367[53367]:105[105]|53620[53620]:53790[53790]:171[171]|53943[53955]:53987[53987]:45[33]|54204[54204]:54407[54407]:204[204]|61950[61950]:62555[62555]:606[606]|62629[62638]:62775[62775]:147[138]
13869	17545-1083	0	1210	-1	69966at147550|scaffold404|-|61|9.435e-13|1|16463|17545|17545[17545]:16463[16463]:1083[1083]
7300	15510-1362	0	2430	-1	9340at147550|scaffold139|-|99|3.432e-24|1|14149|15510|15510[15510]:14149[14149]:1362[1362]
7302	46875+1374	0	1675	1	19349at147550|scaffold203|+|168|5.815e-45|1|46875|48248|46875[46875]:48248[48248]:1374[1374]
7304	107975-1085	0	1122	-1	72577at147550|scaffold267|-|407|6.582e-117|2|106891|107975|107975[107975]:107604[107604]:372[372]|107538[107535]:106891[106891]:648[645]
7304	29853-775	0	1550	-1	107520at147550|scaffold267|-|88|7.029e-21|3|29079|29853|29853[29853]:29791[29791]:63[63]|29722[29719]:29675[29675]:48[45]|29132[29132]:29079[29079]:54[54]
7304	31700+6320	0	1765	1	29590at147550|scaffold267|+|1966|0|4|31700|38019|31700[31700]:31819[31819]:120[120]|31907[31907]:33562[33562]:1656[1656]|34656[34656]:37637[37637]:2982[2982]|37705[37705]:38019[38019]:315[315]
7305	135643+1274	0	1507	1	74291at147550|scaffold299|+|279|2.24e-78|2|135643|136916|135643[135643]:136125[136125]:483[483]|136380[136380]:136916[136916]:537[537]
7305	122936-4957	0	2105	-1	46366at147550|scaffold299|-|135|4.995e-35|2|117980|122936|122936[122936]:122904[122904]:33[33]|119038[119038]:117980[117980]:1059[1059]
7305	35033-897	0	2467	-1	71659at147550|scaffold299|-|192|3.466e-52|1|34137|35033|35033[35033]:34137[34137]:897[897]
7307	5917+813	0	2028	1	46366at147550|scaffold363|+|108|6.704e-27|1|5917|6729|5917[5917]:6729[6729]:813[813]
7307	82616+801	0	2090	1	47815at147550|scaffold363|+|176|2.271e-47|1|82616|83416|82616[82616]:83416[83416]:801[801]
10213	2555+873	0	1951	1	46366at147550|scaffold47|+|62|4.717e-13|1|2555|3427|2555[2555]:3427[3427]:873[873]
10216	213087+1910	0	179	1	37514at147550|scaffold143|+|263|1.468e-73|5|213087|214996|213087[213087]:213218[213218]:132[132]|213494[213494]:213658[213658]:165[165]|213722[213722]:213949[213949]:228[228]|214107[214107]:214775[214775]:669[669]|214880[214880]:214996[214996]:117[117]
10216	160795-1323	0	774	-1	27618at147550|scaffold143|-|149|3.048e-39|1|159473|160795|160795[160795]:159473[159473]:1323[1323]
5851	39694-1665	0	424	-1	9340at147550|scaffold425|-|153|1.905e-40|1|38030|39694|39694[39694]:38030[38030]:1665[1665]
5852	8187+1251	0	893	1	34908at147550|scaffold457|+|192|3.466e-52|1|8187|9437|8187[8187]:9437[9437]:1251[1251]
5852	85383-915	0	2050	-1	92804at147550|scaffold457|-|123|2.046e-31|1|84469|85383|85383[85383]:84469[84469]:915[915]
5854	21913-403	0	649	-1	110208at147550|scaffold521|-|123|2.046e-31|3|21511|21913|21913[21913]:21881[21881]:33[33]|21793[21790]:21656[21656]:138[135]|21570[21555]:21511[21511]:60[45]
5854	1096+348	0	833	1	79345at147550|scaffold521|+|42|4.946e-07|1|1096|1443|1096[1096]:1443[1443]:348[348]
5856	43145-807	0	187	-1	87388at147550|scaffold585|-|237|9.85e-66|1|42339|43145|43145[43145]:42339[42339]:807[807]
8040	114976-339	0	542	-1	88950at147550|scaffold492|-|187|1.109e-50|1|114638|114976|114976[114976]:114638[114638]:339[339]
8040	38057+833	0	702	1	57485at147550|scaffold492|+|192|3.466e-52|2|38057|38889|38057[38057]:38530[38530]:474[474]|38596[38596]:38889[38889]:294[294]
8044	112061+1201	0	1335	1	48488at147550|scaffold620|+|479|1.394e-138|2|112061|113261|112061[112061]:112921[112921]:861[861]|112968[112983]:113261[113261]:294[279]
8044	50634-528	0	2264	-1	73825at147550|scaffold620|-|52|4.831e-10|1|50107|50634|50634[50634]:50107[50107]:528[528]
20421	131880-2339	0	401	-1	10101at147550|scaffold125|-|221|6.455e-61|2|129542|131880|131880[131880]:129859[129859]:2022[2022]|129751[129751]:129542[129542]:210[210]
20421	146804+1243	0	481	1	19770at147550|scaffold125|+|261|5.871e-73|2|146804|148046|146804[146804]:147139[147139]:336[336]|147213[147213]:148046[148046]:834[834]
20421	149295+681	0	987	1	79345at147550|scaffold125|+|56|3.019e-11|1|149295|149975|149295[149295]:149975[149975]:681[681]
20421	149897-48289	0	1218	-1	79345at147550|scaffold125|-|71|9.213e-16|2|101609|149897|149897[149897]:149856[149856]:42[42]|102085[102085]:101609[101609]:477[477]
10227	133350-282	0	1042	-1	95410at147550|scaffold495|-|63|2.359e-13|1|133069|133350|133350[133350]:133069[133069]:282[282]
10227	60562-519	0	1064	-1	79345at147550|scaffold495|-|83|2.249e-19|1|60044|60562|60562[60562]:60044[60044]:519[519]
10227	63834+25988	0	1605	1	62998at147550|scaffold495|+|62|4.717e-13|2|63834|89821|63834[63834]:63881[63881]:48[48]|88607[88607]:89821[89821]:1215[1215]
14601	16547+699	0	2055	1	77803at147550|scaffold501|+|34|0.0001266|1|16547|17245|16547[16547]:17245[17245]:699[699]
14607	53521-393	0	2318	-1	105186at147550|scaffold693|-|127|1.279e-32|2|53129|53521|53521[53521]:53462[53462]:60[60]|53314[53314]:53129[53129]:186[186]
14607	65225+16742	0	2445	1	87183at147550|scaffold693|+|42|4.946e-07|2|65225|81966|65225[65225]:65533[65533]:309[309]|81928[81934]:81966[81966]:39[33]
15322	142+1038	0	1020	1	56486at147550|scaffold246|+|69|3.685e-15|1|142|1179|142[142]:1179[1179]:1038[1038]
15322	27592-987	0	1687	-1	51773at147550|scaffold246|-|418|3.214e-120|4|26606|27592|27592[27592]:27473[27473]:120[120]|27380[27377]:27195[27195]:186[183]|27117[27114]:26959[26959]:159[156]|26908[26905]:26606[26606]:303[300]
12400	439035+519	0	8	1	73948at147550|scaffold50|+|73|2.303e-16|1|439035|439553|439035[439035]:439553[439553]:519[519]
12400	282403+8147	0	129	1	34155at147550|scaffold50|+|1277|0|6|282403|290549|282403[282403]:282447[282447]:45[45]|282681[282681]:282779[282779]:99[99]|282850[282850]:283494[283494]:645[645]|283545[283554]:284135[284135]:591[582]|289544[289544]:289906[289906]:363[363]|289998[289998]:290549[290549]:552[552]
12400	88625+1456	0	309	1	97690at147550|scaffold50|+|246|1.924e-68|4|88625|90080|88625[88625]:88663[88663]:39[39]|88770[88770]:88853[88853]:84[84]|89413[89413]:89481[89481]:69[69]|89520[89535]:90080[90080]:561[546]
12400	373397+666	0	962	1	108893at147550|scaffold50|+|143|1.951e-37|2|373397|374062|373397[373397]:373522[373522]:126[126]|373619[373625]:374062[374062]:444[438]
12400	300903-573	0	1064	-1	79345at147550|scaffold50|-|46|3.092e-08|1|300331|300903|300903[300903]:300331[300331]:573[573]
12400	150997+843	0	1218	1	79345at147550|scaffold50|+|98|6.865e-24|1|150997|151839|150997[150997]:151839[151839]:843[843]
12400	514246-18371	0	1566	-1	48488at147550|scaffold50|-|758|1.435e-222|3|495876|514246|514246[514246]:513341[513341]:906[906]|496939[496936]:496868[496868]:72[69]|496811[496799]:495876[495876]:936[924]
12400	494721-1304	0	2150	-1	66726at147550|scaffold50|-|511|3.245e-148|3|493418|494721|494721[494721]:494647[494647]:75[75]|494504[494504]:494349[494349]:156[156]|494101[494101]:493418[493418]:684[684]
12400	77577-1386	0	2347	-1	87374at147550|scaffold50|-|486|1.089e-140|1|76192|77577|77577[77577]:76192[76192]:1386[1386]
12405	62950+1338	0	1019	1	90411at147550|scaffold210|+|499|1.329e-144|1|62950|64287|62950[62950]:64287[64287]:1338[1338]
12407	47850-1088	0	1874	-1	46366at147550|scaffold274|-|68|7.371e-15|2|46763|47850|47850[47850]:47212[47212]:639[639]|46942[46942]:46763[46763]:180[180]
12409	19675-465	0	345	-1	108914at147550|scaffold338|-|76|2.879e-17|1|19211|19675|19675[19675]:19211[19211]:465[465]
14592	60583-974	0	810	-1	82271at147550|scaffold213|-|107|1.341e-26|2|59610|60583|60583[60583]:60446[60446]:138[138]|60239[60239]:59610[59610]:630[630]
14592	293590-1155	0	897	-1	107658at147550|scaffold213|-|203|1.692e-55|2|292436|293590|293590[293590]:293477[293477]:114[114]|293404[293404]:292436[292436]:969[969]
14592	136140+213	0	951	1	101268at147550|scaffold213|+|39|3.957e-06|1|136140|136352|136140[136140]:136352[136352]:213[213]
18252	49404-589	0	851	-1	101845at147550|scaffold698|-|78|7.198e-18|2|48816|49404|49404[49404]:49174[49174]:231[231]|49064[49064]:48816[48816]:249[249]
18960	418501+771	0	122	1	68418at147550|scaffold27|+|125|5.115e-32|1|418501|419271|418501[418501]:419271[419271]:771[771]
18960	94947+3414	0	245	1	10101at147550|scaffold27|+|962|5.581e-284|2|94947|98360|94947[94947]:95525[95525]:579[579]|95598[95598]:98360[98360]:2763[2763]
18960	164614+417	0	281	1	98813at147550|scaffold27|+|137|1.249e-35|3|164614|165030|164614[164614]:164742[164742]:129[129]|164814[164820]:164882[164882]:69[63]|164962[164974]:165030[165030]:69[57]
18960	85152+1535	0	1968	1	16937at147550|scaffold27|+|780|3.421e-229|2|85152|86686|85152[85152]:85853[85853]:702[702]|85913[85913]:86686[86686]:774[774]
18962	203577+1275	0	17	1	46366at147550|scaffold91|+|104|1.073e-25|1|203577|204851|203577[203577]:204851[204851]:1275[1275]
18964	101338+18264	0	507	1	77695at147550|scaffold155|+|117|1.309e-29|2|101338|119601|101338[101338]:102279[102279]:942[942]|119566[119569]:119601[119601]:36[33]
18964	95678-471	0	1277	-1	82702at147550|scaffold155|-|141|7.804e-37|1|95208|95678|95678[95678]:95208[95208]:471[471]
20	8296+1474	0	719	1	85327at147550|scaffold641|+|235|3.94e-65|2|8296|9769|8296[8296]:9198[9198]:903[903]|9275[9275]:9769[9769]:495[495]
22	1307-1307	0	618	-1	27618at147550|scaffold705|-|500|6.646e-145|2|1|1307|1307[1307]:690[690]:618[618]|471[471]:1[1]:471[471]
6573	39400+762	0	1778	1	82031at147550|scaffold202|+|262|2.936e-73|1|39400|40161|39400[39400]:40161[40161]:762[762]
8780	4191+500	0	1033	1	94519at147550|scaffold845|+|135|4.995e-35|2|4191|4690|4191[4191]:4388[4388]:198[198]|4466[4466]:4690[4690]:225[225]
2213	50748+1518	0	1059	1	40459at147550|scaffold740|+|565|1.801e-164|1|50748|52265|50748[50748]:52265[52265]:1518[1518]
2213	38634+1413	0	1752	1	19349at147550|scaffold740|+|191|6.931e-52|1|38634|40046|38634[38634]:40046[40046]:1413[1413]
3663	115237-1016	0	17	-1	46366at147550|scaffold422|-|58|7.548e-12|2|114222|115237|115237[115237]:114557[114557]:681[681]|114431[114431]:114222[114222]:210[210]
3663	144837+812	0	1230	1	59704at147550|scaffold422|+|54|1.208e-10|2|144837|145648|144837[144837]:145352[145352]:516[516]|145535[145535]:145648[145648]:114[114]
3665	76422+231	0	843	1	93640at147550|scaffold486|+|51|9.661e-10|1|76422|76652|76422[76422]:76652[76652]:231[231]
3665	18539+309	0	1132	1	101161at147550|scaffold486|+|97|1.373e-23|1|18539|18847|18539[18539]:18847[18847]:309[309]
5121	10038+570	0	1097	1	56486at147550|scaffold392|+|43|2.473e-07|1|10038|10607|10038[10038]:10607[10607]:570[570]
5121	162735-1626	0	1913	-1	62998at147550|scaffold392|-|368|3.618e-105|1|161110|162735|162735[162735]:161110[161110]:1626[1626]
5122	159243+543	0	393	1	92804at147550|scaffold424|+|62|4.717e-13|1|159243|159785|159243[159243]:159785[159785]:543[543]
5122	75282+510	0	1434	1	105155at147550|scaffold424|+|119|3.273e-30|1|75282|75791|75282[75282]:75791[75791]:510[510]
5122	79899-1209	0	2372	-1	61540at147550|scaffold424|-|179|2.839e-48|1|78691|79899|79899[79899]:78691[78691]:1209[1209]
16795	6362+911	0	427	1	99583at147550|scaffold728|+|158|5.954e-42|3|6362|7272|6362[6362]:6688[6688]:327[327]|6820[6820]:7071[7071]:252[252]|7135[7138]:7272[7272]:138[135]
16796	31587-1404	0	953	-1	83739at147550|scaffold760|-|348|3.794e-99|1|30184|31587|31587[31587]:30184[30184]:1404[1404]
21147	102105+575	0	2185	1	102209at147550|scaffold30|+|162|3.721e-43|2|102105|102679|102105[102105]:102203[102203]:99[99]|102284[102284]:102679[102679]:396[396]
21149	138003-915	0	716	-1	86992at147550|scaffold94|-|168|5.815e-45|2|137089|138003|138003[138003]:137710[137710]:294[294]|137649[137646]:137089[137089]:561[558]
21149	87003+1413	0	1121	1	28395at147550|scaffold94|+|307|8.343e-87|3|87003|88415|87003[87003]:87293[87293]:291[291]|87392[87392]:87445[87445]:54[54]|87519[87519]:88415[88415]:897[897]
21149	159406+1732	0	1338	1	25381at147550|scaffold94|+|294|6.835e-83|2|159406|161137|159406[159406]:160293[160293]:888[888]|160514[160514]:161137[161137]:624[624]
18981	37127+1230	0	2308	1	35704at147550|scaffold699|+|169|2.907e-45|1|37127|38356|37127[37127]:38356[38356]:1230[1230]
18983	14327+1302	0	150	1	27618at147550|scaffold763|+|141|7.804e-37|1|14327|15628|14327[14327]:15628[15628]:1302[1302]
18983	72137+1468	0	1824	1	77803at147550|scaffold763|+|344|6.071e-98|4|72137|73604|72137[72137]:72238[72238]:102[102]|72440[72440]:72520[72520]:81[81]|72601[72601]:72963[72963]:363[363]|73038[73050]:73604[73604]:567[555]
